Language,Program,PowerLimit,Package,Core,GPU,DRAM,Time,Temperature,Memory
Python38, 2to3, 10,449.415893554687500000, 365.363281250000000000,  ,  , 45127, 47.5, 47920
Python38, 2to3, 10,446.908142089843750000, 363.374328613281250000,  ,  , 44882, 47.5, 47644
Python38, 2to3, 10,446.553405761718750000, 363.050537109375000000,  ,  , 44853, 48.5, 47576
Python38, 2to3, 10,446.628906250000000000, 363.112365722656250000,  ,  , 44852, 47.5, 47916
Python38, 2to3, 10,446.976257324218750000, 363.397338867187500000,  ,  , 44873, 47.5, 47552
Python38, 2to3, 10,446.643310546875000000, 363.119628906250000000,  ,  , 44846, 47.0, 47740
Python38, 2to3, 10,446.395080566406250000, 362.858337402343750000,  ,  , 44832, 47.0, 47784
Python38, 2to3, 10,445.621398925781250000, 362.276855468750000000,  ,  , 44775, 48.5, 47680
Python38, 2to3, 10,446.433410644531250000, 362.955810546875000000,  ,  , 44816, 47.8, 47576
Python38, 2to3, 10,446.377197265625000000, 362.903381347656250000,  ,  , 44800, 47.5, 47736
Python310, 2to3, 10,425.404541015625000000, 345.774230957031250000,  ,  , 42719, 46.5, 47232
Python310, 2to3, 10,425.872924804687500000, 346.083251953125000000,  ,  , 42789, 46.5, 47248
Python310, 2to3, 10,425.422607421875000000, 345.795043945312500000,  ,  , 42702, 46.5, 47164
Python310, 2to3, 10,425.636230468750000000, 345.951904296875000000,  ,  , 42743, 46.2, 47456
Python310, 2to3, 10,425.010437011718750000, 345.500183105468750000,  ,  , 42658, 46.2, 47212
Python310, 2to3, 10,425.729919433593750000, 346.004394531250000000,  ,  , 42741, 45.8, 47368
Python310, 2to3, 10,425.658630371093750000, 345.958862304687500000,  ,  , 42726, 47.2, 47284
Python310, 2to3, 10,425.601379394531250000, 345.806884765625000000,  ,  , 42742, 48.0, 47316
Python310, 2to3, 10,425.754211425781250000, 346.114196777343750000,  ,  , 42734, 47.8, 47232
Python310, 2to3, 10,425.197082519531250000, 345.619812011718750000,  ,  , 42690, 46.0, 47480
Python311, 2to3, 10,348.101318359375000000, 282.827331542968750000,  ,  , 34954, 46.8, 50340
Python311, 2to3, 10,347.862487792968750000, 282.622802734375000000,  ,  , 34942, 45.8, 50244
Python311, 2to3, 10,347.797363281250000000, 282.530334472656250000,  ,  , 34952, 47.5, 50352
Python311, 2to3, 10,347.825439453125000000, 282.614074707031250000,  ,  , 34924, 47.5, 50116
Python311, 2to3, 10,347.971069335937500000, 282.662841796875000000,  ,  , 34967, 45.8, 50256
Python311, 2to3, 10,348.230102539062500000, 282.930664062500000000,  ,  , 34969, 47.8, 50352
Python311, 2to3, 10,347.783508300781250000, 282.601867675781250000,  ,  , 34925, 47.2, 50288
Python311, 2to3, 10,347.764648437500000000, 282.553466796875000000,  ,  , 34936, 45.2, 50168
Python311, 2to3, 10,347.639587402343750000, 282.412048339843750000,  ,  , 34932, 46.8, 50292
Python311, 2to3, 10,348.050476074218750000, 282.751159667968750000,  ,  , 34940, 47.2, 50360
Python38, async_generators, 10,481.790405273437500000, 390.946228027343750000,  ,  , 48376, 50.0, 47744
Python38, async_generators, 10,481.227050781250000000, 390.684631347656250000,  ,  , 48310, 47.2, 47908
Python38, async_generators, 10,479.721374511718750000, 389.447204589843750000,  ,  , 48156, 46.0, 47436
Python38, async_generators, 10,481.496337890625000000, 390.843200683593750000,  ,  , 48336, 50.0, 47704
Python38, async_generators, 10,480.961181640625000000, 390.492736816406250000,  ,  , 48274, 46.8, 47544
Python38, async_generators, 10,481.054748535156250000, 390.796875000000000000,  ,  , 48282, 46.8, 47788
Python38, async_generators, 10,481.452392578125000000, 390.639709472656250000,  ,  , 48331, 47.2, 47700
Python38, async_generators, 10,482.230895996093750000, 391.722412109375000000,  ,  , 48398, 46.5, 47640
Python38, async_generators, 10,481.161254882812500000, 390.542602539062500000,  ,  , 48292, 46.5, 47548
Python38, async_generators, 10,480.438232421875000000, 390.105346679687500000,  ,  , 48225, 49.8, 47572
Python310, async_generators, 10,469.417114257812500000, 380.880615234375000000,  ,  , 47132, 46.8, 47472
Python310, async_generators, 10,470.049499511718750000, 381.471984863281250000,  ,  , 47172, 46.0, 47248
Python310, async_generators, 10,470.239501953125000000, 381.733581542968750000,  ,  , 47194, 46.5, 47468
Python310, async_generators, 10,470.378417968750000000, 381.763916015625000000,  ,  , 47208, 47.0, 47456
Python310, async_generators, 10,469.699951171875000000, 381.490905761718750000,  ,  , 47153, 46.5, 47328
Python310, async_generators, 10,471.249816894531250000, 382.450927734375000000,  ,  , 47297, 47.0, 47268
Python310, async_generators, 10,470.338989257812500000, 381.881896972656250000,  ,  , 47219, 49.2, 47256
Python310, async_generators, 10,470.416137695312500000, 381.794799804687500000,  ,  , 47213, 47.2, 47340
Python310, async_generators, 10,471.411132812500000000, 382.584655761718750000,  ,  , 47315, 49.5, 47348
Python310, async_generators, 10,471.163208007812500000, 382.436767578125000000,  ,  , 47301, 49.8, 47340
Python311, async_generators, 10,380.037780761718750000, 308.960144042968750000,  ,  , 38142, 49.5, 50200
Python311, async_generators, 10,381.999450683593750000, 310.593627929687500000,  ,  , 38336, 46.2, 50172
Python311, async_generators, 10,380.845520019531250000, 309.617736816406250000,  ,  , 38224, 47.0, 50116
Python311, async_generators, 10,382.251464843750000000, 310.598388671875000000,  ,  , 38365, 46.5, 50200
Python311, async_generators, 10,382.550231933593750000, 311.010620117187500000,  ,  , 38406, 49.2, 50064
Python311, async_generators, 10,380.960510253906250000, 309.872070312500000000,  ,  , 38233, 46.0, 50464
Python311, async_generators, 10,381.696655273437500000, 310.163085937500000000,  ,  , 38331, 47.0, 50156
Python311, async_generators, 10,381.777954101562500000, 310.372497558593750000,  ,  , 38321, 49.5, 50336
Python311, async_generators, 10,381.174560546875000000, 310.070373535156250000,  ,  , 38256, 46.2, 50344
Python311, async_generators, 10,380.286865234375000000, 309.112121582031250000,  ,  , 38172, 49.2, 50052
Python38, async_tree, 10,762.300048828125000000, 608.031616210937500000,  ,  , 76521, 47.0, 103072
Python38, async_tree, 10,762.821044921875000000, 608.320129394531250000,  ,  , 76563, 49.5, 102956
Python38, async_tree, 10,764.387268066406250000, 609.401000976562500000,  ,  , 76736, 47.5, 102948
Python38, async_tree, 10,765.396423339843750000, 610.222290039062500000,  ,  , 76817, 46.5, 102964
Python38, async_tree, 10,763.718872070312500000, 609.506164550781250000,  ,  , 76652, 46.5, 103120
Python38, async_tree, 10,763.686889648437500000, 609.037475585937500000,  ,  , 76643, 49.8, 103064
Python38, async_tree, 10,765.343017578125000000, 610.470520019531250000,  ,  , 76814, 46.2, 102728
Python38, async_tree, 10,765.072937011718750000, 609.961059570312500000,  ,  , 76808, 50.0, 103144
Python38, async_tree, 10,764.211914062500000000, 609.343139648437500000,  ,  , 76696, 47.8, 103104
Python38, async_tree, 10,763.440856933593750000, 608.665283203125000000,  ,  , 76629, 49.8, 102880
Python310, async_tree, 10,741.939025878906250000, 590.873962402343750000,  ,  , 74474, 49.2, 104332
Python310, async_tree, 10,743.728332519531250000, 592.769104003906250000,  ,  , 74639, 46.8, 104240
Python310, async_tree, 10,742.890563964843750000, 591.657104492187500000,  ,  , 74567, 48.8, 104348
Python310, async_tree, 10,745.084655761718750000, 593.429687500000000000,  ,  , 74796, 46.2, 104236
Python310, async_tree, 10,747.098022460937500000, 594.992309570312500000,  ,  , 74987, 46.5, 104308
Python310, async_tree, 10,745.007934570312500000, 593.528076171875000000,  ,  , 74772, 46.2, 104324
Python310, async_tree, 10,742.973449707031250000, 591.800659179687500000,  ,  , 74574, 47.2, 104208
Python310, async_tree, 10,743.043579101562500000, 591.794616699218750000,  ,  , 74573, 46.2, 104668
Python310, async_tree, 10,742.922485351562500000, 592.060546875000000000,  ,  , 74568, 46.8, 105716
Python310, async_tree, 10,742.941406250000000000, 591.714660644531250000,  ,  , 74565, 47.5, 104868
Python311, async_tree, 10,573.546997070312500000, 456.242187500000000000,  ,  , 57563, 46.5, 89652
Python311, async_tree, 10,574.871398925781250000, 457.593566894531250000,  ,  , 57700, 46.8, 89504
Python311, async_tree, 10,573.159179687500000000, 455.869323730468750000,  ,  , 57522, 46.0, 89600
Python311, async_tree, 10,572.687561035156250000, 455.512023925781250000,  ,  , 57482, 46.2, 89536
Python311, async_tree, 10,574.445190429687500000, 456.988342285156250000,  ,  , 57650, 47.5, 89396
Python311, async_tree, 10,574.510803222656250000, 457.040710449218750000,  ,  , 57677, 47.0, 89504
Python311, async_tree, 10,572.276184082031250000, 455.120971679687500000,  ,  , 57453, 47.2, 88748
Python311, async_tree, 10,573.208312988281250000, 456.230041503906250000,  ,  , 57550, 46.2, 89592
Python311, async_tree, 10,573.550598144531250000, 456.213684082031250000,  ,  , 57586, 46.8, 89536
Python311, async_tree, 10,574.378845214843750000, 456.847595214843750000,  ,  , 57663, 47.0, 89592
Python38, asyncio_tcp, 10,830.282836914062500000, 636.718200683593750000,  ,  , 83326, 47.2, 63032
Python38, asyncio_tcp, 10,831.827392578125000000, 637.833374023437500000,  ,  , 83497, 47.2, 63200
Python38, asyncio_tcp, 10,824.601684570312500000, 632.161865234375000000,  ,  , 82770, 46.8, 62968
Python38, asyncio_tcp, 10,836.324584960937500000, 641.507995605468750000,  ,  , 83937, 47.2, 62884
Python38, asyncio_tcp, 10,835.627502441406250000, 641.103881835937500000,  ,  , 83875, 47.0, 63120
Python38, asyncio_tcp, 10,835.145385742187500000, 640.735107421875000000,  ,  , 83837, 46.5, 62892
Python38, asyncio_tcp, 10,837.982055664062500000, 642.939025878906250000,  ,  , 84106, 47.0, 62824
Python38, asyncio_tcp, 10,835.250610351562500000, 640.736938476562500000,  ,  , 83828, 47.8, 62708
Python38, asyncio_tcp, 10,832.301635742187500000, 638.508422851562500000,  ,  , 83543, 47.0, 62764
Python38, asyncio_tcp, 10,840.643676757812500000, 645.095458984375000000,  ,  , 84381, 49.8, 62840
Python310, asyncio_tcp, 10,820.939514160156250000, 629.002563476562500000,  ,  , 82394, 46.2, 64308
Python310, asyncio_tcp, 10,820.632568359375000000, 628.744934082031250000,  ,  , 82356, 46.2, 63944
Python310, asyncio_tcp, 10,821.889526367187500000, 629.624084472656250000,  ,  , 82490, 47.8, 64176
Python310, asyncio_tcp, 10,819.998779296875000000, 628.229919433593750000,  ,  , 82315, 48.8, 63956
Python310, asyncio_tcp, 10,820.744628906250000000, 628.663696289062500000,  ,  , 82372, 46.8, 64000
Python310, asyncio_tcp, 10,820.827331542968750000, 628.658447265625000000,  ,  , 82401, 46.2, 64048
Python310, asyncio_tcp, 10,820.208129882812500000, 628.250305175781250000,  ,  , 82334, 46.2, 64072
Python310, asyncio_tcp, 10,821.849548339843750000, 629.676391601562500000,  ,  , 82484, 47.2, 64072
Python310, asyncio_tcp, 10,821.745300292968750000, 629.543579101562500000,  ,  , 82470, 49.0, 63912
Python310, asyncio_tcp, 10,820.435363769531250000, 628.421081542968750000,  ,  , 82343, 47.8, 64624
Python311, asyncio_tcp, 10,777.915771484375000000, 594.384338378906250000,  ,  , 78075, 46.2, 66112
Python311, asyncio_tcp, 10,775.051452636718750000, 591.999389648437500000,  ,  , 77782, 46.5, 66144
Python311, asyncio_tcp, 10,775.755310058593750000, 592.816650390625000000,  ,  , 77854, 47.8, 65704
Python311, asyncio_tcp, 10,773.860717773437500000, 590.977111816406250000,  ,  , 77681, 47.5, 65512
Python311, asyncio_tcp, 10,774.651245117187500000, 591.697265625000000000,  ,  , 77742, 47.5, 66120
Python311, asyncio_tcp, 10,778.976928710937500000, 595.361999511718750000,  ,  , 78178, 49.0, 65732
Python311, asyncio_tcp, 10,778.919555664062500000, 595.279968261718750000,  ,  , 78170, 48.8, 65816
Python311, asyncio_tcp, 10,773.217285156250000000, 590.571350097656250000,  ,  , 77605, 47.0, 65188
Python311, asyncio_tcp, 10,776.909606933593750000, 593.413940429687500000,  ,  , 77984, 45.8, 66068
Python311, asyncio_tcp, 10,776.473999023437500000, 593.388854980468750000,  ,  , 77927, 47.0, 65396
Python38, chameleon, 10,168.252014160156250000, 136.694885253906250000,  ,  , 16888, 47.2, 47796
Python38, chameleon, 10,168.139221191406250000, 136.584167480468750000,  ,  , 16881, 47.0, 47420
Python38, chameleon, 10,168.851623535156250000, 137.111572265625000000,  ,  , 16964, 47.2, 47916
Python38, chameleon, 10,168.449951171875000000, 136.914123535156250000,  ,  , 16907, 47.0, 47648
Python38, chameleon, 10,168.283386230468750000, 136.675659179687500000,  ,  , 16906, 47.0, 47576
Python38, chameleon, 10,168.615112304687500000, 136.935485839843750000,  ,  , 16925, 47.2, 47692
Python38, chameleon, 10,168.350219726562500000, 136.759582519531250000,  ,  , 16927, 49.2, 47576
Python38, chameleon, 10,168.297790527343750000, 136.722290039062500000,  ,  , 16892, 46.0, 47624
Python38, chameleon, 10,168.469848632812500000, 136.856201171875000000,  ,  , 16919, 47.2, 47744
Python38, chameleon, 10,168.478515625000000000, 136.830444335937500000,  ,  , 16929, 47.2, 47572
Python310, chameleon, 10,231.482177734375000000, 188.303710937500000000,  ,  , 23234, 48.8, 47456
Python310, chameleon, 10,231.775573730468750000, 188.502258300781250000,  ,  , 23280, 46.0, 47380
Python310, chameleon, 10,230.354125976562500000, 187.413635253906250000,  ,  , 23123, 45.8, 47344
Python310, chameleon, 10,231.865539550781250000, 188.636474609375000000,  ,  , 23277, 49.0, 47348
Python310, chameleon, 10,230.969726562500000000, 187.953857421875000000,  ,  , 23196, 45.8, 47308
Python310, chameleon, 10,231.912292480468750000, 188.653015136718750000,  ,  , 23284, 43.8, 47320
Python310, chameleon, 10,231.461242675781250000, 188.281616210937500000,  ,  , 23241, 47.2, 47340
Python310, chameleon, 10,231.630065917968750000, 188.447021484375000000,  ,  , 23248, 47.2, 47356
Python310, chameleon, 10,232.747924804687500000, 189.345825195312500000,  ,  , 23362, 47.0, 47320
Python310, chameleon, 10,232.275573730468750000, 188.978393554687500000,  ,  , 23314, 46.8, 47236
Python311, chameleon, 10,192.132690429687500000, 156.147521972656250000,  ,  , 19286, 49.0, 50108
Python311, chameleon, 10,192.156738281250000000, 156.182250976562500000,  ,  , 19287, 46.8, 50344
Python311, chameleon, 10,192.347229003906250000, 156.303344726562500000,  ,  , 19307, 48.8, 50432
Python311, chameleon, 10,192.331665039062500000, 156.232666015625000000,  ,  , 19327, 47.0, 50176
Python311, chameleon, 10,192.069641113281250000, 156.068969726562500000,  ,  , 19277, 45.5, 50240
Python311, chameleon, 10,191.545043945312500000, 155.716796875000000000,  ,  , 19227, 46.0, 50328
Python311, chameleon, 10,192.044616699218750000, 156.053833007812500000,  ,  , 19295, 49.0, 50348
Python311, chameleon, 10,191.668579101562500000, 155.719665527343750000,  ,  , 19262, 49.0, 50332
Python311, chameleon, 10,192.360412597656250000, 156.288635253906250000,  ,  , 19311, 46.0, 50348
Python311, chameleon, 10,191.902954101562500000, 156.019897460937500000,  ,  , 19266, 45.5, 50188
Python38, chaos, 10,188.547729492187500000, 153.374572753906250000,  ,  , 18928, 46.0, 47648
Python38, chaos, 10,188.531433105468750000, 153.372436523437500000,  ,  , 18936, 45.8, 47572
Python38, chaos, 10,188.140563964843750000, 153.125183105468750000,  ,  , 18891, 48.8, 47576
Python38, chaos, 10,188.379577636718750000, 153.219787597656250000,  ,  , 18932, 49.0, 47576
Python38, chaos, 10,188.473327636718750000, 153.338073730468750000,  ,  , 18916, 46.0, 47740
Python38, chaos, 10,188.454589843750000000, 153.292663574218750000,  ,  , 18925, 45.5, 47652
Python38, chaos, 10,188.257263183593750000, 153.125671386718750000,  ,  , 18908, 46.0, 47648
Python38, chaos, 10,188.432006835937500000, 153.310729980468750000,  ,  , 18916, 49.0, 47704
Python38, chaos, 10,188.489929199218750000, 153.309753417968750000,  ,  , 18932, 45.8, 47664
Python38, chaos, 10,188.520690917968750000, 153.460388183593750000,  ,  , 18921, 48.8, 47672
Python310, chaos, 10,168.551269531250000000, 137.121337890625000000,  ,  , 16922, 46.8, 47384
Python310, chaos, 10,168.979553222656250000, 137.478698730468750000,  ,  , 16966, 45.5, 47208
Python310, chaos, 10,168.463867187500000000, 137.109802246093750000,  ,  , 16909, 48.8, 47260
Python310, chaos, 10,168.695861816406250000, 137.222961425781250000,  ,  , 16932, 45.5, 47308
Python310, chaos, 10,168.961120605468750000, 137.430297851562500000,  ,  , 16979, 49.0, 47484
Python310, chaos, 10,168.758178710937500000, 137.327087402343750000,  ,  , 16940, 45.8, 47116
Python310, chaos, 10,168.784729003906250000, 137.253784179687500000,  ,  , 16951, 46.5, 47216
Python310, chaos, 10,168.796081542968750000, 137.379394531250000000,  ,  , 16943, 45.5, 47460
Python310, chaos, 10,168.813171386718750000, 137.290527343750000000,  ,  , 16962, 45.2, 47328
Python310, chaos, 10,168.523620605468750000, 137.113525390625000000,  ,  , 16913, 49.0, 47040
Python311, chaos, 10,197.922119140625000000, 161.014282226562500000,  ,  , 19878, 47.2, 50240
Python311, chaos, 10,198.550170898437500000, 161.557678222656250000,  ,  , 19943, 48.5, 50304
Python311, chaos, 10,198.533203125000000000, 161.538269042968750000,  ,  , 19927, 46.2, 50260
Python311, chaos, 10,198.122314453125000000, 161.198669433593750000,  ,  , 19887, 45.5, 50276
Python311, chaos, 10,198.425415039062500000, 161.430908203125000000,  ,  , 19922, 46.5, 50336
Python311, chaos, 10,197.954650878906250000, 161.159790039062500000,  ,  , 19877, 45.5, 50344
Python311, chaos, 10,198.675537109375000000, 161.717407226562500000,  ,  , 19955, 49.0, 50168
Python311, chaos, 10,198.214172363281250000, 161.252197265625000000,  ,  , 19918, 49.0, 50208
Python311, chaos, 10,197.593811035156250000, 160.803771972656250000,  ,  , 19852, 48.8, 50356
Python311, chaos, 10,198.041992187500000000, 161.147277832031250000,  ,  , 19881, 45.8, 50088
Python38, comprehensions, 10,179.378540039062500000, 145.918884277343750000,  ,  , 18022, 46.8, 47780
Python38, comprehensions, 10,179.757080078125000000, 146.238586425781250000,  ,  , 18047, 48.5, 47568
Python38, comprehensions, 10,179.518493652343750000, 146.014465332031250000,  ,  , 18023, 48.8, 47648
Python38, comprehensions, 10,179.787353515625000000, 146.258056640625000000,  ,  , 18058, 45.5, 47548
Python38, comprehensions, 10,179.910217285156250000, 146.370056152343750000,  ,  , 18057, 48.8, 47780
Python38, comprehensions, 10,179.640258789062500000, 146.095275878906250000,  ,  , 18031, 45.5, 47660
Python38, comprehensions, 10,179.893493652343750000, 146.321533203125000000,  ,  , 18071, 49.0, 47744
Python38, comprehensions, 10,180.278686523437500000, 146.607421875000000000,  ,  , 18093, 46.2, 47784
Python38, comprehensions, 10,179.760498046875000000, 146.127441406250000000,  ,  , 18064, 46.8, 47908
Python38, comprehensions, 10,180.045288085937500000, 146.389282226562500000,  ,  , 18094, 46.2, 47664
Python310, comprehensions, 10,166.047607421875000000, 135.065185546875000000,  ,  , 16682, 49.2, 47448
Python310, comprehensions, 10,165.649597167968750000, 134.768371582031250000,  ,  , 16643, 45.2, 47456
Python310, comprehensions, 10,165.974487304687500000, 134.952331542968750000,  ,  , 16678, 46.5, 47432
Python310, comprehensions, 10,166.184143066406250000, 135.187988281250000000,  ,  , 16682, 48.8, 47248
Python310, comprehensions, 10,166.294311523437500000, 135.208984375000000000,  ,  , 16708, 46.0, 47260
Python310, comprehensions, 10,165.763854980468750000, 134.854064941406250000,  ,  , 16653, 45.5, 47312
Python310, comprehensions, 10,165.623046875000000000, 134.730041503906250000,  ,  , 16626, 46.8, 47228
Python310, comprehensions, 10,165.863769531250000000, 134.859558105468750000,  ,  , 16650, 46.8, 47312
Python310, comprehensions, 10,165.909667968750000000, 134.926147460937500000,  ,  , 16669, 45.8, 47468
Python310, comprehensions, 10,165.836242675781250000, 134.852783203125000000,  ,  , 16652, 45.5, 47360
Python311, comprehensions, 10,148.076110839843750000, 120.368896484375000000,  ,  , 14879, 46.0, 50176
Python311, comprehensions, 10,147.939025878906250000, 120.217651367187500000,  ,  , 14871, 48.5, 50120
Python311, comprehensions, 10,147.584228515625000000, 119.959228515625000000,  ,  , 14814, 45.0, 50116
Python311, comprehensions, 10,147.718627929687500000, 120.070129394531250000,  ,  , 14826, 48.5, 50168
Python311, comprehensions, 10,148.080810546875000000, 120.339111328125000000,  ,  , 14865, 46.0, 50356
Python311, comprehensions, 10,147.421447753906250000, 119.816162109375000000,  ,  , 14820, 45.2, 50172
Python311, comprehensions, 10,147.216918945312500000, 119.662292480468750000,  ,  , 14784, 48.8, 50332
Python311, comprehensions, 10,147.488708496093750000, 119.864624023437500000,  ,  , 14806, 45.2, 50356
Python311, comprehensions, 10,147.379211425781250000, 119.799316406250000000,  ,  , 14814, 45.0, 50464
Python311, comprehensions, 10,147.576477050781250000, 119.995666503906250000,  ,  , 14818, 48.0, 50364
Python38, concurrent_imap, 10,389.429626464843750000, 311.987548828125000000,  ,  , 41044, 43.8, 47704
Python38, concurrent_imap, 10,404.059204101562500000, 323.729553222656250000,  ,  , 42619, 45.0, 47552
Python38, concurrent_imap, 10,381.293579101562500000, 305.322387695312500000,  ,  , 40245, 45.8, 47440
Python38, concurrent_imap, 10,382.167297363281250000, 306.149536132812500000,  ,  , 40265, 45.0, 47600
Python38, concurrent_imap, 10,272.263977050781250000, 218.119140625000000000,  ,  , 28702, 45.5, 47812
Python38, concurrent_imap, 10,281.479919433593750000, 225.247314453125000000,  ,  , 29863, 44.8, 47560
Python38, concurrent_imap, 10,375.878051757812500000, 300.824279785156250000,  ,  , 39763, 45.5, 47644
Python38, concurrent_imap, 10,386.219482421875000000, 309.088562011718750000,  ,  , 40883, 45.5, 47544
Python38, concurrent_imap, 10,365.326049804687500000, 291.904296875000000000,  ,  , 38872, 45.8, 47576
Python38, concurrent_imap, 10,388.349914550781250000, 311.105346679687500000,  ,  , 40943, 44.5, 47576
Python310, concurrent_imap, 10,363.532470703125000000, 290.279602050781250000,  ,  , 38750, 45.0, 47132
Python310, concurrent_imap, 10,357.720581054687500000, 285.466918945312500000,  ,  , 38178, 44.8, 47160
Python310, concurrent_imap, 10,258.822631835937500000, 206.634887695312500000,  ,  , 27653, 44.5, 47328
Python310, concurrent_imap, 10,252.275329589843750000, 200.900085449218750000,  ,  , 27202, 44.0, 47240
Python310, concurrent_imap, 10,364.521362304687500000, 290.817626953125000000,  ,  , 38953, 44.5, 47456
Python310, concurrent_imap, 10,373.174377441406250000, 297.821166992187500000,  ,  , 39856, 42.5, 47208
Python310, concurrent_imap, 10,262.505004882812500000, 209.398864746093750000,  ,  , 28135, 44.5, 47340
Python310, concurrent_imap, 10,367.632080078125000000, 293.244567871093750000,  ,  , 39341, 44.5, 47472
Python310, concurrent_imap, 10,254.425476074218750000, 202.878112792968750000,  ,  , 27282, 45.2, 47320
Python310, concurrent_imap, 10,371.664245605468750000, 296.296264648437500000,  ,  , 39892, 43.8, 47128
Python311, concurrent_imap, 10,428.135192871093750000, 343.962646484375000000,  ,  , 44686, 45.0, 50204
Python311, concurrent_imap, 10,279.286437988281250000, 223.191284179687500000,  ,  , 29737, 44.8, 50080
Python311, concurrent_imap, 10,413.913940429687500000, 332.245178222656250000,  ,  , 43305, 45.2, 50088
Python311, concurrent_imap, 10,426.504516601562500000, 342.343566894531250000,  ,  , 44678, 44.8, 50340
Python311, concurrent_imap, 10,284.314453125000000000, 227.907836914062500000,  ,  , 29950, 44.5, 50192
Python311, concurrent_imap, 10,453.875610351562500000, 364.822998046875000000,  ,  , 47319, 44.8, 50128
Python311, concurrent_imap, 10,398.290893554687500000, 318.864807128906250000,  ,  , 42069, 43.8, 50216
Python311, concurrent_imap, 10,412.009704589843750000, 330.353210449218750000,  ,  , 43323, 44.8, 50348
Python311, concurrent_imap, 10,435.414184570312500000, 349.702148437500000000,  ,  , 45514, 45.2, 50128
Python311, concurrent_imap, 10,450.697753906250000000, 361.956665039062500000,  ,  , 47165, 42.8, 50040
Python38, coverage, 10,192.926635742187500000, 156.897277832031250000,  ,  , 19369, 46.2, 47796
Python38, coverage, 10,192.262878417968750000, 156.435852050781250000,  ,  , 19296, 46.8, 47644
Python38, coverage, 10,193.046691894531250000, 156.899230957031250000,  ,  , 19401, 47.0, 47620
Python38, coverage, 10,192.591674804687500000, 156.600769042968750000,  ,  , 19342, 46.0, 47580
Python38, coverage, 10,192.475097656250000000, 156.524353027343750000,  ,  , 19317, 47.0, 47580
Python38, coverage, 10,192.682678222656250000, 156.601257324218750000,  ,  , 19365, 45.5, 47812
Python38, coverage, 10,192.310058593750000000, 156.455261230468750000,  ,  , 19302, 48.5, 47672
Python38, coverage, 10,192.109680175781250000, 156.309814453125000000,  ,  , 19284, 45.5, 47812
Python38, coverage, 10,192.613891601562500000, 156.676391601562500000,  ,  , 19345, 48.8, 47792
Python38, coverage, 10,192.993408203125000000, 156.947326660156250000,  ,  , 19390, 48.2, 47752
Python310, coverage, 10,205.613769531250000000, 167.244873046875000000,  ,  , 20642, 46.0, 47416
Python310, coverage, 10,205.670776367187500000, 167.360168457031250000,  ,  , 20654, 46.0, 47224
Python310, coverage, 10,205.478271484375000000, 167.197937011718750000,  ,  , 20628, 45.8, 47464
Python310, coverage, 10,205.166259765625000000, 166.912475585937500000,  ,  , 20614, 45.5, 47236
Python310, coverage, 10,206.551696777343750000, 168.024169921875000000,  ,  , 20730, 47.0, 47444
Python310, coverage, 10,205.847534179687500000, 167.439331054687500000,  ,  , 20660, 45.8, 47324
Python310, coverage, 10,205.572937011718750000, 167.201477050781250000,  ,  , 20655, 45.5, 47484
Python310, coverage, 10,205.217651367187500000, 166.904357910156250000,  ,  , 20599, 45.8, 47200
Python310, coverage, 10,205.014953613281250000, 166.825927734375000000,  ,  , 20590, 46.0, 47372
Python310, coverage, 10,206.307861328125000000, 167.754089355468750000,  ,  , 20708, 49.0, 47244
Python311, coverage, 10,219.475952148437500000, 178.517456054687500000,  ,  , 22037, 49.2, 50336
Python311, coverage, 10,218.989929199218750000, 178.226196289062500000,  ,  , 21980, 46.2, 50336
Python311, coverage, 10,219.196960449218750000, 178.286804199218750000,  ,  , 22002, 46.8, 50244
Python311, coverage, 10,219.800964355468750000, 178.807617187500000000,  ,  , 22060, 46.5, 50588
Python311, coverage, 10,219.524902343750000000, 178.593566894531250000,  ,  , 22036, 48.0, 50472
Python311, coverage, 10,219.640258789062500000, 178.685058593750000000,  ,  , 22051, 48.8, 50300
Python311, coverage, 10,219.318603515625000000, 178.419616699218750000,  ,  , 22018, 45.5, 50252
Python311, coverage, 10,219.787414550781250000, 178.839050292968750000,  ,  , 22060, 45.2, 50208
Python311, coverage, 10,219.294738769531250000, 178.382080078125000000,  ,  , 22012, 48.2, 50468
Python311, coverage, 10,219.249755859375000000, 178.352294921875000000,  ,  , 22008, 46.5, 50448
Python38, crypto_pyaes, 10,180.331726074218750000, 146.646606445312500000,  ,  , 18122, 45.8, 47744
Python38, crypto_pyaes, 10,179.965515136718750000, 146.409912109375000000,  ,  , 18065, 46.0, 47576
Python38, crypto_pyaes, 10,180.276672363281250000, 146.665405273437500000,  ,  , 18096, 45.8, 47912
Python38, crypto_pyaes, 10,180.322387695312500000, 146.696411132812500000,  ,  , 18107, 46.5, 47576
Python38, crypto_pyaes, 10,179.694213867187500000, 146.149902343750000000,  ,  , 18059, 45.8, 47688
Python38, crypto_pyaes, 10,180.705566406250000000, 147.000854492187500000,  ,  , 18154, 45.5, 47704
Python38, crypto_pyaes, 10,179.892150878906250000, 146.391296386718750000,  ,  , 18072, 46.0, 47848
Python38, crypto_pyaes, 10,180.166931152343750000, 146.533813476562500000,  ,  , 18092, 46.2, 47644
Python38, crypto_pyaes, 10,179.866149902343750000, 146.379394531250000000,  ,  , 18054, 48.8, 47784
Python38, crypto_pyaes, 10,179.919494628906250000, 146.357666015625000000,  ,  , 18059, 45.8, 47808
Python310, crypto_pyaes, 10,172.281188964843750000, 140.141784667968750000,  ,  , 17298, 45.2, 47348
Python310, crypto_pyaes, 10,172.388000488281250000, 140.182067871093750000,  ,  , 17324, 48.5, 47224
Python310, crypto_pyaes, 10,172.574951171875000000, 140.347595214843750000,  ,  , 17334, 45.8, 47336
Python310, crypto_pyaes, 10,171.785705566406250000, 139.724365234375000000,  ,  , 17273, 45.5, 47252
Python310, crypto_pyaes, 10,172.477539062500000000, 140.298461914062500000,  ,  , 17326, 48.8, 47272
Python310, crypto_pyaes, 10,172.805480957031250000, 140.616577148437500000,  ,  , 17351, 45.5, 47260
Python310, crypto_pyaes, 10,172.653808593750000000, 140.431152343750000000,  ,  , 17339, 49.0, 47236
Python310, crypto_pyaes, 10,172.521728515625000000, 140.380432128906250000,  ,  , 17331, 45.2, 47132
Python310, crypto_pyaes, 10,172.377441406250000000, 140.236999511718750000,  ,  , 17303, 45.5, 47240
Python310, crypto_pyaes, 10,172.579833984375000000, 140.377807617187500000,  ,  , 17325, 45.5, 47240
Python311, crypto_pyaes, 10,208.694946289062500000, 169.935180664062500000,  ,  , 20948, 45.0, 49992
Python311, crypto_pyaes, 10,208.611877441406250000, 169.812255859375000000,  ,  , 20936, 45.2, 50372
Python311, crypto_pyaes, 10,208.792480468750000000, 169.928283691406250000,  ,  , 20959, 45.0, 50244
Python311, crypto_pyaes, 10,208.683410644531250000, 169.805603027343750000,  ,  , 20954, 45.5, 50392
Python311, crypto_pyaes, 10,207.770874023437500000, 169.062316894531250000,  ,  , 20863, 45.8, 50372
Python311, crypto_pyaes, 10,208.254211425781250000, 169.542358398437500000,  ,  , 20907, 45.0, 50244
Python311, crypto_pyaes, 10,208.427612304687500000, 169.629882812500000000,  ,  , 20925, 48.0, 50148
Python311, crypto_pyaes, 10,208.635681152343750000, 169.777893066406250000,  ,  , 20942, 46.2, 50392
Python311, crypto_pyaes, 10,208.335327148437500000, 169.566772460937500000,  ,  , 20909, 45.0, 50408
Python311, crypto_pyaes, 10,209.280456542968750000, 170.296752929687500000,  ,  , 21018, 46.5, 50320
Python38, dask, 10,803.776733398437500000, 650.290466308593750000,  ,  , 81334, 46.2, 91032
Python38, dask, 10,802.495849609375000000, 648.976684570312500000,  ,  , 81354, 46.5, 90804
Python38, dask, 10,802.605590820312500000, 649.232116699218750000,  ,  , 81284, 45.8, 90824
Python38, dask, 10,803.981933593750000000, 650.542114257812500000,  ,  , 81276, 45.8, 90540
Python38, dask, 10,804.838378906250000000, 651.069091796875000000,  ,  , 81485, 47.5, 91108
Python38, dask, 10,802.600646972656250000, 649.399963378906250000,  ,  , 81208, 48.2, 90692
Python38, dask, 10,801.985839843750000000, 648.875915527343750000,  ,  , 81153, 46.2, 90748
Python38, dask, 10,803.697875976562500000, 650.066345214843750000,  ,  , 81437, 48.5, 90708
Python38, dask, 10,802.226623535156250000, 649.029418945312500000,  ,  , 81226, 46.2, 90860
Python38, dask, 10,803.248107910156250000, 649.996093750000000000,  ,  , 81245, 48.8, 90780
Python310, dask, 10,749.955871582031250000, 606.255310058593750000,  ,  , 76044, 46.5, 89912
Python310, dask, 10,748.992675781250000000, 605.442932128906250000,  ,  , 75957, 45.2, 90196
Python310, dask, 10,749.994384765625000000, 606.356384277343750000,  ,  , 76022, 46.0, 90256
Python310, dask, 10,748.492919921875000000, 604.769836425781250000,  ,  , 76032, 45.8, 90240
Python310, dask, 10,751.155578613281250000, 607.289001464843750000,  ,  , 76127, 46.0, 90636
Python310, dask, 10,748.066955566406250000, 604.696960449218750000,  ,  , 75859, 45.2, 90660
Python310, dask, 10,749.621520996093750000, 605.928466796875000000,  ,  , 76075, 46.0, 90068
Python310, dask, 10,748.709960937500000000, 605.064392089843750000,  ,  , 76023, 46.2, 89940
Python310, dask, 10,749.732360839843750000, 605.865905761718750000,  ,  , 76139, 46.5, 90444
Python310, dask, 10,750.183837890625000000, 606.395019531250000000,  ,  , 76053, 48.0, 90096
Python311, dask, 10,631.193542480468750000, 508.791259765625000000,  ,  , 64661, 47.2, 92472
Python311, dask, 10,628.014160156250000000, 506.427673339843750000,  ,  , 64280, 45.5, 92400
Python311, dask, 10,627.691528320312500000, 506.041564941406250000,  ,  , 64306, 47.5, 92596
Python311, dask, 10,628.127990722656250000, 506.769104003906250000,  ,  , 64142, 45.2, 91804
Python311, dask, 10,629.541503906250000000, 507.593627929687500000,  ,  , 64436, 45.0, 92684
Python311, dask, 10,628.484558105468750000, 506.691406250000000000,  ,  , 64345, 46.5, 92396
Python311, dask, 10,629.267578125000000000, 507.235717773437500000,  ,  , 64502, 45.2, 92200
Python311, dask, 10,627.440124511718750000, 506.033386230468750000,  ,  , 64191, 45.8, 91972
Python311, dask, 10,628.672180175781250000, 506.920471191406250000,  ,  , 64359, 47.2, 92060
Python311, dask, 10,628.863891601562500000, 507.093750000000000000,  ,  , 64347, 45.8, 92204
Python38, deepcopy, 10,508.674194335937500000, 414.323303222656250000,  ,  , 51060, 47.0, 47644
Python38, deepcopy, 10,508.153503417968750000, 413.861206054687500000,  ,  , 51013, 46.8, 47924
Python38, deepcopy, 10,508.959472656250000000, 414.439208984375000000,  ,  , 51081, 47.0, 47544
Python38, deepcopy, 10,508.372985839843750000, 414.173645019531250000,  ,  , 51044, 47.2, 47924
Python38, deepcopy, 10,507.786682128906250000, 413.627197265625000000,  ,  , 50978, 46.8, 47784
Python38, deepcopy, 10,508.786865234375000000, 414.511108398437500000,  ,  , 51070, 46.0, 47796
Python38, deepcopy, 10,508.380554199218750000, 414.112609863281250000,  ,  , 51031, 45.8, 47916
Python38, deepcopy, 10,507.898681640625000000, 413.765075683593750000,  ,  , 50973, 48.8, 47788
Python38, deepcopy, 10,511.018981933593750000, 415.249084472656250000,  ,  , 51319, 45.5, 47920
Python38, deepcopy, 10,508.292663574218750000, 413.948852539062500000,  ,  , 51029, 48.8, 47616
Python310, deepcopy, 10,475.806762695312500000, 387.489562988281250000,  ,  , 47751, 47.0, 47468
Python310, deepcopy, 10,475.504333496093750000, 387.171020507812500000,  ,  , 47723, 46.2, 47476
Python310, deepcopy, 10,475.776306152343750000, 387.406066894531250000,  ,  , 47751, 48.8, 47204
Python310, deepcopy, 10,475.658203125000000000, 387.280639648437500000,  ,  , 47745, 46.5, 47288
Python310, deepcopy, 10,475.670715332031250000, 387.273193359375000000,  ,  , 47745, 46.8, 47472
Python310, deepcopy, 10,475.453247070312500000, 387.161010742187500000,  ,  , 47733, 49.2, 47332
Python310, deepcopy, 10,474.705505371093750000, 386.601806640625000000,  ,  , 47653, 45.8, 47212
Python310, deepcopy, 10,475.675170898437500000, 387.334960937500000000,  ,  , 47761, 45.8, 47248
Python310, deepcopy, 10,474.970092773437500000, 386.819885253906250000,  ,  , 47677, 47.0, 47168
Python310, deepcopy, 10,475.425537109375000000, 387.125976562500000000,  ,  , 47724, 47.0, 47232
Python311, deepcopy, 10,382.597412109375000000, 311.402343750000000000,  ,  , 38404, 45.5, 50080
Python311, deepcopy, 10,382.712524414062500000, 311.481689453125000000,  ,  , 38420, 48.5, 50208
Python311, deepcopy, 10,381.918640136718750000, 310.879394531250000000,  ,  , 38334, 46.0, 50124
Python311, deepcopy, 10,382.090270996093750000, 311.099670410156250000,  ,  , 38358, 49.2, 50356
Python311, deepcopy, 10,382.187622070312500000, 311.072448730468750000,  ,  , 38372, 46.0, 50204
Python311, deepcopy, 10,381.502746582031250000, 310.593139648437500000,  ,  , 38316, 46.2, 50236
Python311, deepcopy, 10,381.255798339843750000, 310.297363281250000000,  ,  , 38268, 45.8, 50332
Python311, deepcopy, 10,382.220214843750000000, 311.021362304687500000,  ,  , 38382, 46.2, 50120
Python311, deepcopy, 10,383.705261230468750000, 312.254821777343750000,  ,  , 38522, 46.8, 50160
Python311, deepcopy, 10,382.715454101562500000, 311.461791992187500000,  ,  , 38413, 46.0, 50076
Python38, deltablue, 10,184.178771972656250000, 149.774536132812500000,  ,  , 18490, 46.0, 47572
Python38, deltablue, 10,183.806457519531250000, 149.391296386718750000,  ,  , 18483, 47.0, 47744
Python38, deltablue, 10,183.913024902343750000, 149.529235839843750000,  ,  , 18461, 46.8, 47548
Python38, deltablue, 10,183.268066406250000000, 149.044555664062500000,  ,  , 18396, 46.0, 47660
Python38, deltablue, 10,184.324340820312500000, 149.861572265625000000,  ,  , 18512, 46.8, 47568
Python38, deltablue, 10,184.404602050781250000, 149.939270019531250000,  ,  , 18523, 48.8, 47536
Python38, deltablue, 10,183.074340820312500000, 148.962951660156250000,  ,  , 18380, 49.2, 47804
Python38, deltablue, 10,184.017089843750000000, 149.653930664062500000,  ,  , 18468, 45.5, 47704
Python38, deltablue, 10,183.112731933593750000, 148.914062500000000000,  ,  , 18402, 45.8, 47704
Python38, deltablue, 10,183.332946777343750000, 149.070739746093750000,  ,  , 18402, 47.0, 47668
Python310, deltablue, 10,177.096618652343750000, 143.990600585937500000,  ,  , 17786, 46.0, 47256
Python310, deltablue, 10,177.007629394531250000, 144.036193847656250000,  ,  , 17769, 45.2, 47332
Python310, deltablue, 10,177.269165039062500000, 144.133666992187500000,  ,  , 17796, 46.5, 47316
Python310, deltablue, 10,176.321228027343750000, 143.384338378906250000,  ,  , 17699, 45.8, 47284
Python310, deltablue, 10,177.385864257812500000, 144.337768554687500000,  ,  , 17806, 46.0, 47316
Python310, deltablue, 10,177.596984863281250000, 144.362670898437500000,  ,  , 17845, 45.8, 47236
Python310, deltablue, 10,177.627197265625000000, 144.528137207031250000,  ,  , 17853, 45.5, 47236
Python310, deltablue, 10,177.069091796875000000, 144.032287597656250000,  ,  , 17776, 46.0, 47168
Python310, deltablue, 10,176.479370117187500000, 143.575317382812500000,  ,  , 17714, 46.0, 47324
Python310, deltablue, 10,176.968444824218750000, 143.958496093750000000,  ,  , 17764, 45.5, 47264
Python311, deltablue, 10,183.095581054687500000, 148.975769042968750000,  ,  , 18380, 45.8, 50204
Python311, deltablue, 10,182.744750976562500000, 148.633728027343750000,  ,  , 18340, 46.2, 50192
Python311, deltablue, 10,182.893066406250000000, 148.754577636718750000,  ,  , 18361, 45.8, 50220
Python311, deltablue, 10,182.995056152343750000, 148.809143066406250000,  ,  , 18375, 48.8, 50356
Python311, deltablue, 10,183.533264160156250000, 149.230590820312500000,  ,  , 18422, 46.8, 50192
Python311, deltablue, 10,182.834289550781250000, 148.701965332031250000,  ,  , 18363, 46.0, 50336
Python311, deltablue, 10,183.347167968750000000, 149.090087890625000000,  ,  , 18406, 46.5, 50132
Python311, deltablue, 10,183.437927246093750000, 149.173095703125000000,  ,  , 18415, 46.0, 50196
Python311, deltablue, 10,182.782287597656250000, 148.717651367187500000,  ,  , 18346, 45.5, 50124
Python311, deltablue, 10,183.192138671875000000, 148.970825195312500000,  ,  , 18388, 46.8, 50060
Python38, django_template, 10,210.351867675781250000, 170.838500976562500000,  ,  , 21115, 46.0, 47776
Python38, django_template, 10,211.124877929687500000, 171.210144042968750000,  ,  , 21218, 47.0, 47704
Python38, django_template, 10,210.677246093750000000, 171.098571777343750000,  ,  , 21151, 45.5, 48020
Python38, django_template, 10,211.352172851562500000, 171.506652832031250000,  ,  , 21214, 47.0, 47792
Python38, django_template, 10,210.491088867187500000, 170.758056640625000000,  ,  , 21136, 48.8, 48044
Python38, django_template, 10,210.989318847656250000, 171.221618652343750000,  ,  , 21181, 49.0, 47940
Python38, django_template, 10,211.484008789062500000, 171.616638183593750000,  ,  , 21230, 46.8, 47752
Python38, django_template, 10,210.720275878906250000, 171.126586914062500000,  ,  , 21149, 46.8, 48060
Python38, django_template, 10,210.932250976562500000, 171.204284667968750000,  ,  , 21171, 49.2, 47876
Python38, django_template, 10,211.386901855468750000, 171.507812500000000000,  ,  , 21236, 46.0, 47576
Python310, django_template, 10,191.551147460937500000, 155.369689941406250000,  ,  , 19231, 45.5, 47320
Python310, django_template, 10,191.504089355468750000, 155.284973144531250000,  ,  , 19240, 45.5, 47588
Python310, django_template, 10,191.928100585937500000, 155.632446289062500000,  ,  , 19299, 45.8, 47316
Python310, django_template, 10,191.112670898437500000, 155.096069335937500000,  ,  , 19202, 45.8, 47384
Python310, django_template, 10,191.518127441406250000, 155.361938476562500000,  ,  , 19224, 45.8, 47328
Python310, django_template, 10,191.119384765625000000, 155.062377929687500000,  ,  , 19184, 48.8, 47388
Python310, django_template, 10,191.066833496093750000, 155.071350097656250000,  ,  , 19176, 45.5, 47244
Python310, django_template, 10,191.408020019531250000, 155.257019042968750000,  ,  , 19220, 48.8, 47372
Python310, django_template, 10,191.298889160156250000, 155.197326660156250000,  ,  , 19202, 46.5, 47488
Python310, django_template, 10,191.765075683593750000, 155.599975585937500000,  ,  , 19248, 45.5, 47608
Python311, django_template, 10,239.529846191406250000, 194.507019042968750000,  ,  , 24043, 45.0, 50376
Python311, django_template, 10,240.256286621093750000, 195.173400878906250000,  ,  , 24116, 45.0, 50112
Python311, django_template, 10,239.735473632812500000, 194.675903320312500000,  ,  , 24067, 45.5, 50196
Python311, django_template, 10,239.448303222656250000, 194.398010253906250000,  ,  , 24036, 45.8, 50036
Python311, django_template, 10,239.990417480468750000, 194.833679199218750000,  ,  , 24101, 45.0, 50360
Python311, django_template, 10,240.559082031250000000, 195.221313476562500000,  ,  , 24145, 46.0, 50172
Python311, django_template, 10,240.241027832031250000, 195.037170410156250000,  ,  , 24131, 48.5, 50340
Python311, django_template, 10,239.773193359375000000, 194.636047363281250000,  ,  , 24064, 49.0, 50424
Python311, django_template, 10,239.430419921875000000, 194.482604980468750000,  ,  , 24037, 45.5, 50212
Python311, django_template, 10,239.315368652343750000, 194.295288085937500000,  ,  , 24021, 48.5, 50456
Python38, docutils, 10,3396.223266601562500000, 2754.669921875000000000,  ,  , 341129, 46.8, 67544
Python38, docutils, 10,3392.089538574218750000, 2751.771972656250000000,  ,  , 340712, 45.8, 67520
Python38, docutils, 10,3390.970520019531250000, 2752.337524414062500000,  ,  , 340601, 47.0, 67524
Python38, docutils, 10,3391.664611816406250000, 2751.592407226562500000,  ,  , 340672, 46.0, 67456
Python38, docutils, 10,3390.074584960937500000, 2750.963073730468750000,  ,  , 340511, 46.0, 67516
Python38, docutils, 10,3389.868713378906250000, 2750.162109375000000000,  ,  , 340504, 49.0, 67532
Python38, docutils, 10,3393.226928710937500000, 2754.261657714843750000,  ,  , 340827, 45.5, 67516
Python38, docutils, 10,3396.440612792968750000, 2756.203674316406250000,  ,  , 341167, 49.5, 67540
Python38, docutils, 10,3398.875854492187500000, 2757.122375488281250000,  ,  , 341390, 45.8, 67520
Python38, docutils, 10,3386.404785156250000000, 2749.535400390625000000,  ,  , 340154, 49.2, 67468
Python310, docutils, 10,3464.811279296875000000, 2810.339172363281250000,  ,  , 348040, 45.8, 68424
Python310, docutils, 10,3463.789916992187500000, 2811.181884765625000000,  ,  , 347921, 48.5, 68020
Python310, docutils, 10,3454.034240722656250000, 2803.841979980468750000,  ,  , 346948, 45.2, 68868
Python310, docutils, 10,3467.464111328125000000, 2811.639160156250000000,  ,  , 348297, 49.0, 69160
Python310, docutils, 10,3465.907287597656250000, 2811.588195800781250000,  ,  , 348133, 46.8, 68864
Python310, docutils, 10,3467.457397460937500000, 2812.733703613281250000,  ,  , 348288, 49.0, 68760
Python310, docutils, 10,3463.183044433593750000, 2810.946105957031250000,  ,  , 347862, 45.8, 67788
Python310, docutils, 10,3459.755371093750000000, 2804.893554687500000000,  ,  , 347511, 48.5, 68096
Python310, docutils, 10,3464.125488281250000000, 2809.199157714843750000,  ,  , 347949, 46.8, 68924
Python310, docutils, 10,3462.145996093750000000, 2809.948425292968750000,  ,  , 347768, 46.0, 68056
Python311, docutils, 10,2801.698669433593750000, 2272.068969726562500000,  ,  , 281392, 48.8, 67976
Python311, docutils, 10,2790.920166015625000000, 2264.855468750000000000,  ,  , 280305, 45.2, 68284
Python311, docutils, 10,2795.811401367187500000, 2268.816955566406250000,  ,  , 280799, 48.8, 67872
Python311, docutils, 10,-259344.071105957031250000, 2272.122680664062500000,  ,  , 281202, 45.5, 68048
Python311, docutils, 10,2798.073364257812500000, 2268.932983398437500000,  ,  , 281018, 45.8, 68092
Python311, docutils, 10,2805.486450195312500000, 2274.347290039062500000,  ,  , 281761, 46.8, 68072
Python311, docutils, 10,2800.888366699218750000, 2270.974548339843750000,  ,  , 281303, 46.5, 68144
Python311, docutils, 10,2791.064880371093750000, 2264.398925781250000000,  ,  , 280335, 48.5, 67960
Python311, docutils, 10,2799.938171386718750000, 2271.013488769531250000,  ,  , 281214, 45.5, 68044
Python311, docutils, 10,2798.263427734375000000, 2270.442810058593750000,  ,  , 281049, 48.8, 67952
Python38, dulwich_log, 10,156.095214843750000000, 126.916870117187500000,  ,  , 15669, 45.8, 47780
Python38, dulwich_log, 10,156.296691894531250000, 127.022766113281250000,  ,  , 15688, 46.2, 47832
Python38, dulwich_log, 10,155.720275878906250000, 126.498962402343750000,  ,  , 15651, 46.2, 47572
Python38, dulwich_log, 10,156.528991699218750000, 127.125915527343750000,  ,  , 15727, 48.5, 47652
Python38, dulwich_log, 10,155.500122070312500000, 126.438537597656250000,  ,  , 15612, 45.8, 47780
Python38, dulwich_log, 10,156.728820800781250000, 127.326782226562500000,  ,  , 15759, 47.8, 47936
Python38, dulwich_log, 10,155.622436523437500000, 126.509582519531250000,  ,  , 15621, 45.8, 47936
Python38, dulwich_log, 10,156.474731445312500000, 127.115600585937500000,  ,  , 15711, 45.8, 47680
Python38, dulwich_log, 10,158.475646972656250000, 128.730957031250000000,  ,  , 15915, 47.0, 47916
Python38, dulwich_log, 10,156.108337402343750000, 126.857116699218750000,  ,  , 15668, 46.8, 47660
Python310, dulwich_log, 10,142.791503906250000000, 115.982666015625000000,  ,  , 14342, 48.8, 47372
Python310, dulwich_log, 10,142.617919921875000000, 115.922241210937500000,  ,  , 14316, 45.8, 47420
Python310, dulwich_log, 10,142.677856445312500000, 115.905700683593750000,  ,  , 14329, 45.5, 47376
Python310, dulwich_log, 10,142.579833984375000000, 115.843444824218750000,  ,  , 14328, 45.8, 47640
Python310, dulwich_log, 10,142.425964355468750000, 115.694396972656250000,  ,  , 14311, 45.8, 47380
Python310, dulwich_log, 10,142.492065429687500000, 115.799377441406250000,  ,  , 14307, 45.8, 47196
Python310, dulwich_log, 10,142.863281250000000000, 116.058471679687500000,  ,  , 14341, 46.2, 47252
Python310, dulwich_log, 10,142.262207031250000000, 115.525634765625000000,  ,  , 14301, 46.0, 47596
Python310, dulwich_log, 10,142.833618164062500000, 116.018981933593750000,  ,  , 14362, 45.8, 47300
Python310, dulwich_log, 10,142.731201171875000000, 115.947937011718750000,  ,  , 14340, 46.5, 47248
Python311, dulwich_log, 10,206.628601074218750000, 168.048522949218750000,  ,  , 20751, 45.8, 50356
Python311, dulwich_log, 10,206.681762695312500000, 168.057800292968750000,  ,  , 20769, 46.8, 50500
Python311, dulwich_log, 10,208.375366210937500000, 169.436157226562500000,  ,  , 20931, 48.8, 50308
Python311, dulwich_log, 10,208.086242675781250000, 169.207031250000000000,  ,  , 20902, 45.8, 50120
Python311, dulwich_log, 10,208.577087402343750000, 169.645446777343750000,  ,  , 20942, 46.0, 50152
Python311, dulwich_log, 10,208.204589843750000000, 169.337219238281250000,  ,  , 20902, 46.5, 50496
Python311, dulwich_log, 10,207.842773437500000000, 169.071228027343750000,  ,  , 20861, 46.5, 50472
Python311, dulwich_log, 10,207.979919433593750000, 169.095458984375000000,  ,  , 20908, 46.5, 50496
Python311, dulwich_log, 10,208.242065429687500000, 169.418701171875000000,  ,  , 20905, 45.5, 50176
Python311, dulwich_log, 10,208.131408691406250000, 169.317993164062500000,  ,  , 20913, 46.2, 50124
Python38, fannkuch, 10,580.853149414062500000, 473.602416992187500000,  ,  , 58297, 49.2, 47704
Python38, fannkuch, 10,581.828857421875000000, 474.552001953125000000,  ,  , 58391, 45.8, 47508
Python38, fannkuch, 10,581.419738769531250000, 473.894226074218750000,  ,  , 58354, 49.2, 47640
Python38, fannkuch, 10,580.737976074218750000, 473.600830078125000000,  ,  , 58304, 45.8, 47912
Python38, fannkuch, 10,581.918579101562500000, 474.403808593750000000,  ,  , 58416, 46.8, 47648
Python38, fannkuch, 10,581.517211914062500000, 473.961364746093750000,  ,  , 58369, 48.5, 47804
Python38, fannkuch, 10,583.346130371093750000, 475.789367675781250000,  ,  , 58546, 49.0, 47568
Python38, fannkuch, 10,581.589904785156250000, 474.087341308593750000,  ,  , 58373, 48.8, 47804
Python38, fannkuch, 10,581.378845214843750000, 473.809509277343750000,  ,  , 58372, 49.2, 47652
Python38, fannkuch, 10,583.057922363281250000, 475.153137207031250000,  ,  , 58536, 47.0, 47568
Python310, fannkuch, 10,579.347351074218750000, 472.553955078125000000,  ,  , 58157, 45.5, 47464
Python310, fannkuch, 10,579.383544921875000000, 472.418701171875000000,  ,  , 58144, 46.5, 47164
Python310, fannkuch, 10,578.677551269531250000, 471.751281738281250000,  ,  , 58090, 45.5, 47332
Python310, fannkuch, 10,578.747192382812500000, 472.017944335937500000,  ,  , 58087, 49.0, 47368
Python310, fannkuch, 10,581.904663085937500000, 474.183227539062500000,  ,  , 58410, 46.5, 47188
Python310, fannkuch, 10,580.193542480468750000, 472.899047851562500000,  ,  , 58237, 46.5, 47464
Python310, fannkuch, 10,578.382141113281250000, 471.558349609375000000,  ,  , 58045, 48.5, 47340
Python310, fannkuch, 10,579.541259765625000000, 472.534301757812500000,  ,  , 58179, 45.8, 47372
Python310, fannkuch, 10,580.195800781250000000, 472.772338867187500000,  ,  , 58240, 46.5, 47472
Python310, fannkuch, 10,579.372375488281250000, 472.416137695312500000,  ,  , 58144, 45.8, 47268
Python311, fannkuch, 10,464.220153808593750000, 378.507568359375000000,  ,  , 46596, 45.2, 50240
Python311, fannkuch, 10,464.296447753906250000, 378.536682128906250000,  ,  , 46616, 45.5, 50196
Python311, fannkuch, 10,463.874755859375000000, 377.985595703125000000,  ,  , 46550, 45.8, 50356
Python311, fannkuch, 10,465.891967773437500000, 379.531555175781250000,  ,  , 46759, 46.2, 50336
Python311, fannkuch, 10,464.554321289062500000, 378.454589843750000000,  ,  , 46644, 45.5, 50076
Python311, fannkuch, 10,463.904602050781250000, 378.057128906250000000,  ,  , 46567, 46.5, 50220
Python311, fannkuch, 10,463.386474609375000000, 377.812622070312500000,  ,  , 46509, 48.5, 50268
Python311, fannkuch, 10,464.150634765625000000, 378.367919921875000000,  ,  , 46590, 45.0, 50136
Python311, fannkuch, 10,465.006347656250000000, 379.119262695312500000,  ,  , 46674, 45.5, 50176
Python311, fannkuch, 10,465.212280273437500000, 379.128295898437500000,  ,  , 46688, 47.0, 50360
Python38, float, 10,187.523315429687500000, 151.363220214843750000,  ,  , 18831, 48.8, 47720
Python38, float, 10,187.243530273437500000, 151.220092773437500000,  ,  , 18805, 45.2, 47788
Python38, float, 10,187.130187988281250000, 151.137023925781250000,  ,  , 18783, 45.5, 47784
Python38, float, 10,187.291992187500000000, 151.282165527343750000,  ,  , 18800, 45.5, 47524
Python38, float, 10,187.566589355468750000, 151.432617187500000000,  ,  , 18849, 48.8, 47748
Python38, float, 10,187.881774902343750000, 151.708435058593750000,  ,  , 18877, 45.8, 47688
Python38, float, 10,187.743835449218750000, 151.530090332031250000,  ,  , 18855, 46.5, 47564
Python38, float, 10,187.474487304687500000, 151.340393066406250000,  ,  , 18833, 45.8, 47748
Python38, float, 10,187.158447265625000000, 151.169799804687500000,  ,  , 18809, 45.5, 47584
Python38, float, 10,187.267456054687500000, 151.215576171875000000,  ,  , 18804, 46.0, 47504
Python310, float, 10,166.813476562500000000, 134.556579589843750000,  ,  , 16747, 48.5, 47460
Python310, float, 10,167.263122558593750000, 134.896484375000000000,  ,  , 16793, 48.2, 47260
Python310, float, 10,166.414672851562500000, 134.313781738281250000,  ,  , 16710, 45.5, 47464
Python310, float, 10,166.624023437500000000, 134.427307128906250000,  ,  , 16727, 45.5, 47244
Python310, float, 10,166.702941894531250000, 134.465270996093750000,  ,  , 16753, 46.5, 47288
Python310, float, 10,166.655517578125000000, 134.408264160156250000,  ,  , 16733, 48.0, 47164
Python310, float, 10,167.080688476562500000, 134.797241210937500000,  ,  , 16769, 45.5, 47468
Python310, float, 10,166.906982421875000000, 134.610656738281250000,  ,  , 16755, 46.0, 47240
Python310, float, 10,167.075866699218750000, 134.761047363281250000,  ,  , 16777, 48.2, 47452
Python310, float, 10,167.225769042968750000, 134.875732421875000000,  ,  , 16784, 48.0, 47292
Python311, float, 10,134.148132324218750000, 107.934814453125000000,  ,  , 13476, 45.2, 50128
Python311, float, 10,134.564453125000000000, 108.227294921875000000,  ,  , 13522, 45.5, 50352
Python311, float, 10,134.582641601562500000, 108.222839355468750000,  ,  , 13521, 45.5, 50124
Python311, float, 10,134.063354492187500000, 107.885742187500000000,  ,  , 13460, 45.2, 50224
Python311, float, 10,134.166381835937500000, 107.914245605468750000,  ,  , 13469, 45.5, 50128
Python311, float, 10,134.457458496093750000, 108.164916992187500000,  ,  , 13496, 48.2, 50212
Python311, float, 10,134.479187011718750000, 108.137634277343750000,  ,  , 13514, 45.2, 50128
Python311, float, 10,134.370910644531250000, 108.091552734375000000,  ,  , 13486, 46.2, 50100
Python311, float, 10,134.162780761718750000, 107.906677246093750000,  ,  , 13479, 48.2, 50088
Python311, float, 10,134.191650390625000000, 107.915649414062500000,  ,  , 13476, 45.5, 50124
Python38, gc_collect, 10,434.565734863281250000, 352.917968750000000000,  ,  , 43621, 45.8, 47688
Python38, gc_collect, 10,434.479003906250000000, 352.594909667968750000,  ,  , 43621, 45.5, 47684
Python38, gc_collect, 10,434.476745605468750000, 352.799316406250000000,  ,  , 43609, 45.5, 47620
Python38, gc_collect, 10,435.779724121093750000, 353.699768066406250000,  ,  , 43767, 48.5, 47688
Python38, gc_collect, 10,433.945983886718750000, 352.101623535156250000,  ,  , 43551, 48.8, 47568
Python38, gc_collect, 10,433.569580078125000000, 352.182861328125000000,  ,  , 43516, 46.0, 47616
Python38, gc_collect, 10,436.434997558593750000, 354.118835449218750000,  ,  , 43807, 48.8, 47808
Python38, gc_collect, 10,435.489074707031250000, 353.555847167968750000,  ,  , 43707, 45.5, 47636
Python38, gc_collect, 10,435.498352050781250000, 353.462829589843750000,  ,  , 43715, 46.0, 47580
Python38, gc_collect, 10,433.723266601562500000, 352.293579101562500000,  ,  , 43535, 45.8, 47576
Python310, gc_collect, 10,241.033935546875000000, 195.580871582031250000,  ,  , 24192, 45.0, 47220
Python310, gc_collect, 10,241.632202148437500000, 196.035217285156250000,  ,  , 24268, 45.8, 47344
Python310, gc_collect, 10,241.244262695312500000, 195.623840332031250000,  ,  , 24214, 46.2, 47228
Python310, gc_collect, 10,242.423156738281250000, 196.613403320312500000,  ,  , 24331, 45.8, 47340
Python310, gc_collect, 10,239.735717773437500000, 194.593933105468750000,  ,  , 24080, 48.2, 47188
Python310, gc_collect, 10,241.163513183593750000, 195.608093261718750000,  ,  , 24206, 45.2, 47204
Python310, gc_collect, 10,240.564270019531250000, 195.249145507812500000,  ,  , 24146, 45.2, 47120
Python310, gc_collect, 10,240.782653808593750000, 195.346008300781250000,  ,  , 24185, 47.2, 47240
Python310, gc_collect, 10,242.185119628906250000, 196.389953613281250000,  ,  , 24314, 46.0, 47312
Python310, gc_collect, 10,243.751220703125000000, 197.626953125000000000,  ,  , 24463, 45.2, 47392
Python311, gc_collect, 10,363.701171875000000000, 295.022033691406250000,  ,  , 36507, 46.5, 50084
Python311, gc_collect, 10,362.471557617187500000, 294.135070800781250000,  ,  , 36378, 46.2, 50244
Python311, gc_collect, 10,362.757385253906250000, 294.486572265625000000,  ,  , 36408, 45.5, 50132
Python311, gc_collect, 10,363.924438476562500000, 295.287292480468750000,  ,  , 36540, 45.2, 50224
Python311, gc_collect, 10,363.218200683593750000, 294.727294921875000000,  ,  , 36453, 46.5, 50300
Python311, gc_collect, 10,362.439880371093750000, 294.272766113281250000,  ,  , 36375, 45.5, 50244
Python311, gc_collect, 10,362.785278320312500000, 294.407714843750000000,  ,  , 36412, 45.5, 50252
Python311, gc_collect, 10,364.493469238281250000, 295.698242187500000000,  ,  , 36581, 45.2, 50220
Python311, gc_collect, 10,363.276916503906250000, 294.858276367187500000,  ,  , 36460, 45.5, 50296
Python311, gc_collect, 10,364.141479492187500000, 295.443420410156250000,  ,  , 36557, 45.2, 50108
Python38, gc_traversal, 10,290.062011718750000000, 233.647399902343750000,  ,  , 29120, 47.0, 47624
Python38, gc_traversal, 10,290.345886230468750000, 233.927429199218750000,  ,  , 29147, 48.8, 47564
Python38, gc_traversal, 10,289.077209472656250000, 233.040161132812500000,  ,  , 29014, 46.5, 47752
Python38, gc_traversal, 10,289.272338867187500000, 233.072937011718750000,  ,  , 29039, 45.8, 47568
Python38, gc_traversal, 10,290.890930175781250000, 234.293334960937500000,  ,  , 29197, 47.0, 47580
Python38, gc_traversal, 10,290.548034667968750000, 234.078430175781250000,  ,  , 29173, 48.5, 47520
Python38, gc_traversal, 10,290.507507324218750000, 234.090454101562500000,  ,  , 29160, 46.8, 47796
Python38, gc_traversal, 10,289.656372070312500000, 233.317810058593750000,  ,  , 29085, 45.5, 47616
Python38, gc_traversal, 10,289.202514648437500000, 233.120605468750000000,  ,  , 29038, 45.8, 47624
Python38, gc_traversal, 10,290.339477539062500000, 233.891784667968750000,  ,  , 29140, 46.0, 47724
Python310, gc_traversal, 10,292.341064453125000000, 235.334472656250000000,  ,  , 29357, 48.5, 47188
Python310, gc_traversal, 10,291.176208496093750000, 234.615051269531250000,  ,  , 29226, 45.5, 47116
Python310, gc_traversal, 10,292.072937011718750000, 235.173645019531250000,  ,  , 29323, 48.8, 47352
Python310, gc_traversal, 10,291.387939453125000000, 234.690185546875000000,  ,  , 29261, 48.2, 47464
Python310, gc_traversal, 10,292.659667968750000000, 235.597106933593750000,  ,  , 29371, 46.2, 47280
Python310, gc_traversal, 10,291.740722656250000000, 234.955444335937500000,  ,  , 29293, 48.2, 47244
Python310, gc_traversal, 10,290.968872070312500000, -261909.594360351562500000,  ,  , 29212, 45.8, 47156
Python310, gc_traversal, 10,291.620361328125000000, 234.870422363281250000,  ,  , 29269, 45.2, 47224
Python310, gc_traversal, 10,291.691406250000000000, 234.814575195312500000,  ,  , 29289, 48.2, 47200
Python310, gc_traversal, 10,292.064453125000000000, 235.125061035156250000,  ,  , 29327, 48.5, 47320
Python311, gc_traversal, 10,274.507873535156250000, 220.758850097656250000,  ,  , 27579, 48.2, 50136
Python311, gc_traversal, 10,275.045410156250000000, 221.209289550781250000,  ,  , 27607, 46.2, 50088
Python311, gc_traversal, 10,275.017700195312500000, 221.190612792968750000,  ,  , 27609, 48.5, 50460
Python311, gc_traversal, 10,274.526916503906250000, 220.809753417968750000,  ,  , 27565, 48.0, 50120
Python311, gc_traversal, 10,273.661926269531250000, 220.219177246093750000,  ,  , 27464, 45.5, 50124
Python311, gc_traversal, 10,273.559875488281250000, 220.095581054687500000,  ,  , 27469, 45.8, 50160
Python311, gc_traversal, 10,274.859069824218750000, 221.017089843750000000,  ,  , 27586, 46.8, 50164
Python311, gc_traversal, 10,274.217651367187500000, 220.577636718750000000,  ,  , 27524, 48.5, 50292
Python311, gc_traversal, 10,274.242004394531250000, 220.571838378906250000,  ,  , 27529, 46.8, 50004
Python311, gc_traversal, 10,274.672973632812500000, 220.913696289062500000,  ,  , 27587, 46.8, 50348
Python38, generators, 10,312.058166503906250000, 252.117065429687500000,  ,  , 31337, 46.8, 47924
Python38, generators, 10,311.181823730468750000, 251.398437500000000000,  ,  , 31249, 49.0, 47532
Python38, generators, 10,311.706176757812500000, 251.858581542968750000,  ,  , 31314, 45.5, 47656
Python38, generators, 10,311.437377929687500000, 251.665039062500000000,  ,  , 31258, 48.5, 47772
Python38, generators, 10,311.874816894531250000, 251.965637207031250000,  ,  , 31321, 46.5, 47576
Python38, generators, 10,311.282287597656250000, 251.524475097656250000,  ,  , 31262, 45.8, 47648
Python38, generators, 10,311.068237304687500000, 251.398864746093750000,  ,  , 31227, 46.8, 47744
Python38, generators, 10,311.170410156250000000, 251.501464843750000000,  ,  , 31239, 45.8, 47804
Python38, generators, 10,311.327209472656250000, 251.554687500000000000,  ,  , 31264, 46.5, 47568
Python38, generators, 10,310.431335449218750000, 250.966613769531250000,  ,  , 31157, 48.5, 47780
Python310, generators, 10,302.257629394531250000, 244.207153320312500000,  ,  , 30337, 46.2, 47244
Python310, generators, 10,301.481689453125000000, 243.574035644531250000,  ,  , 30258, 46.8, 47324
Python310, generators, 10,301.248291015625000000, 243.513977050781250000,  ,  , 30238, 45.8, 47456
Python310, generators, 10,302.434448242187500000, 244.372863769531250000,  ,  , 30354, 48.5, 47460
Python310, generators, 10,301.608398437500000000, 243.723388671875000000,  ,  , 30276, 48.2, 47224
Python310, generators, 10,302.097595214843750000, 244.019958496093750000,  ,  , 30318, 48.2, 47372
Python310, generators, 10,302.098815917968750000, 244.205566406250000000,  ,  , 30325, 46.0, 47468
Python310, generators, 10,301.374694824218750000, 243.672485351562500000,  ,  , 30245, 45.5, 47464
Python310, generators, 10,301.570373535156250000, 243.775695800781250000,  ,  , 30284, 45.5, 47232
Python310, generators, 10,302.415405273437500000, 244.293457031250000000,  ,  , 30361, 46.2, 47164
Python311, generators, 10,239.101562500000000000, 193.731201171875000000,  ,  , 24004, 48.2, 50108
Python311, generators, 10,239.728210449218750000, 194.203857421875000000,  ,  , 24069, 48.5, 50080
Python311, generators, 10,239.402770996093750000, 193.842285156250000000,  ,  , 24045, 48.5, 50056
Python311, generators, 10,239.467956542968750000, 193.943481445312500000,  ,  , 24043, 46.8, 50128
Python311, generators, 10,239.116210937500000000, 193.650878906250000000,  ,  , 24003, 45.2, 50128
Python311, generators, 10,238.961730957031250000, 193.587646484375000000,  ,  , 23983, 45.5, 50460
Python311, generators, 10,238.794494628906250000, 193.574401855468750000,  ,  , 23992, 45.2, 50328
Python311, generators, 10,239.002197265625000000, 193.596496582031250000,  ,  , 23989, 48.5, 50336
Python311, generators, 10,239.289855957031250000, 193.852600097656250000,  ,  , 24023, 48.2, 50108
Python311, generators, 10,239.590515136718750000, 194.086425781250000000,  ,  , 24054, 46.5, 50324
Python38, genshi, 10,367.769409179687500000, 299.365234375000000000,  ,  , 36920, 48.5, 47640
Python38, genshi, 10,368.000183105468750000, 299.381591796875000000,  ,  , 36957, 48.8, 47740
Python38, genshi, 10,367.188171386718750000, 298.822509765625000000,  ,  , 36855, 47.0, 47496
Python38, genshi, 10,367.916870117187500000, 299.361755371093750000,  ,  , 36926, 46.8, 47916
Python38, genshi, 10,367.416931152343750000, 299.192565917968750000,  ,  , 36882, 48.5, 47776
Python38, genshi, 10,367.627319335937500000, 299.192443847656250000,  ,  , 36918, 45.2, 47788
Python38, genshi, 10,368.161621093750000000, 299.702209472656250000,  ,  , 36952, 46.2, 47568
Python38, genshi, 10,367.968688964843750000, 299.509094238281250000,  ,  , 36943, 48.0, 47548
Python38, genshi, 10,367.059814453125000000, 298.950744628906250000,  ,  , 36849, 46.0, 47808
Python38, genshi, 10,367.908935546875000000, 299.379516601562500000,  ,  , 36924, 48.5, 47908
Python310, genshi, 10,336.566284179687500000, 273.881774902343750000,  ,  , 33786, 45.8, 47376
Python310, genshi, 10,336.515625000000000000, 273.865234375000000000,  ,  , 33787, 45.8, 47256
Python310, genshi, 10,335.495849609375000000, 273.125915527343750000,  ,  , 33683, 45.2, 47600
Python310, genshi, 10,336.224487304687500000, 273.758666992187500000,  ,  , 33748, 45.8, 47420
Python310, genshi, 10,335.939453125000000000, 273.413879394531250000,  ,  , 33716, 48.5, 47480
Python310, genshi, 10,336.051025390625000000, 273.457153320312500000,  ,  , 33730, 46.5, 47368
Python310, genshi, 10,335.958312988281250000, 273.519409179687500000,  ,  , 33721, 45.5, 47232
Python310, genshi, 10,336.911865234375000000, 274.157104492187500000,  ,  , 33816, 48.8, 47380
Python310, genshi, 10,335.839538574218750000, 273.281311035156250000,  ,  , 33714, 46.5, 47304
Python310, genshi, 10,337.387207031250000000, 274.572814941406250000,  ,  , 33861, 45.8, 47612
Python311, genshi, 10,275.854614257812500000, 224.342712402343750000,  ,  , 27697, 46.8, 50124
Python311, genshi, 10,276.184020996093750000, 224.546691894531250000,  ,  , 27743, 46.8, 50348
Python311, genshi, 10,275.569152832031250000, 224.168273925781250000,  ,  , 27672, 45.5, 50280
Python311, genshi, 10,275.898376464843750000, 224.397277832031250000,  ,  , 27694, 48.5, 50092
Python311, genshi, 10,276.221618652343750000, 224.756225585937500000,  ,  , 27728, 46.8, 50192
Python311, genshi, 10,275.655700683593750000, 224.203552246093750000,  ,  , 27687, 48.5, 50368
Python311, genshi, 10,275.769653320312500000, 224.276245117187500000,  ,  , 27704, 47.0, 50056
Python311, genshi, 10,276.391784667968750000, 224.824401855468750000,  ,  , 27740, 45.5, 50128
Python311, genshi, 10,276.413269042968750000, 224.836303710937500000,  ,  , 27752, 48.2, 49988
Python311, genshi, 10,276.537170410156250000, 225.032165527343750000,  ,  , 27752, 45.8, 50344
Python38, go, 10,345.506164550781250000, 281.424743652343750000,  ,  , 34697, 47.0, 47644
Python38, go, 10,346.892333984375000000, 282.495239257812500000,  ,  , 34834, 45.5, 47544
Python38, go, 10,346.637634277343750000, 282.302368164062500000,  ,  , 34792, 49.0, 47568
Python38, go, 10,345.971679687500000000, 281.623107910156250000,  ,  , 34740, 46.8, 47672
Python38, go, 10,344.854675292968750000, 280.800842285156250000,  ,  , 34631, 45.8, 47812
Python38, go, 10,345.809631347656250000, 281.571289062500000000,  ,  , 34712, 47.2, 47880
Python38, go, 10,345.435424804687500000, 281.385070800781250000,  ,  , 34685, 48.8, 47744
Python38, go, 10,345.400390625000000000, 281.355102539062500000,  ,  , 34665, 46.0, 47540
Python38, go, 10,345.552307128906250000, 281.427734375000000000,  ,  , 34687, 45.8, 47796
Python38, go, 10,345.752990722656250000, 281.557006835937500000,  ,  , 34711, 46.8, 47700
Python310, go, 10,297.958374023437500000, 242.564575195312500000,  ,  , 29918, 45.5, 47284
Python310, go, 10,297.847473144531250000, 242.665527343750000000,  ,  , 29894, 48.8, 47288
Python310, go, 10,297.560363769531250000, 242.322875976562500000,  ,  , 29894, 48.2, 47232
Python310, go, 10,298.095703125000000000, 242.740539550781250000,  ,  , 29923, 48.2, 47172
Python310, go, 10,297.625244140625000000, 242.420959472656250000,  ,  , 29884, 45.5, 47248
Python310, go, 10,297.631835937500000000, 242.382507324218750000,  ,  , 29881, 46.8, 47240
Python310, go, 10,297.173828125000000000, 242.066528320312500000,  ,  , 29828, 45.8, 47360
Python310, go, 10,297.743286132812500000, 242.616882324218750000,  ,  , 29881, 45.8, 47444
Python310, go, 10,298.092163085937500000, 242.721069335937500000,  ,  , 29926, 45.8, 47284
Python310, go, 10,298.053161621093750000, 242.724853515625000000,  ,  , 29918, 46.0, 47512
Python311, go, 10,198.204345703125000000, 161.221069335937500000,  ,  , 19915, 46.0, 50144
Python311, go, 10,198.449279785156250000, 161.466979980468750000,  ,  , 19927, 46.5, 50196
Python311, go, 10,197.671752929687500000, 160.874267578125000000,  ,  , 19854, 45.5, 50124
Python311, go, 10,198.143493652343750000, 161.173156738281250000,  ,  , 19899, 45.5, 49976
Python311, go, 10,197.759948730468750000, 160.878173828125000000,  ,  , 19852, 45.2, 50100
Python311, go, 10,197.846862792968750000, 160.968261718750000000,  ,  , 19861, 45.2, 50216
Python311, go, 10,197.878906250000000000, 160.921142578125000000,  ,  , 19883, 46.2, 50132
Python311, go, 10,198.017517089843750000, 161.072326660156250000,  ,  , 19878, 46.2, 50332
Python311, go, 10,198.185363769531250000, 161.187744140625000000,  ,  , 19904, 46.2, 50128
Python311, go, 10,198.213256835937500000, 161.231811523437500000,  ,  , 19896, 45.5, 50456
Python38, hexiom, 10,141.186645507812500000, 114.771789550781250000,  ,  , 14190, 45.0, 47532
Python38, hexiom, 10,141.487182617187500000, 114.927062988281250000,  ,  , 14222, 45.8, 47656
Python38, hexiom, 10,141.651550292968750000, 115.074035644531250000,  ,  , 14233, 48.2, 47568
Python38, hexiom, 10,141.575134277343750000, 115.014099121093750000,  ,  , 14216, 45.8, 47548
Python38, hexiom, 10,141.245117187500000000, 114.790161132812500000,  ,  , 14197, 48.2, 47560
Python38, hexiom, 10,141.442138671875000000, 114.921325683593750000,  ,  , 14210, 45.8, 47736
Python38, hexiom, 10,141.634155273437500000, 115.124206542968750000,  ,  , 14220, 45.5, 47624
Python38, hexiom, 10,141.354797363281250000, 114.864807128906250000,  ,  , 14206, 45.5, 47532
Python38, hexiom, 10,141.708251953125000000, 115.173217773437500000,  ,  , 14225, 45.5, 47572
Python38, hexiom, 10,141.960998535156250000, 115.374389648437500000,  ,  , 14252, 46.2, 47800
Python310, hexiom, 10,128.485046386718750000, 104.365539550781250000,  ,  , 12928, 45.2, 47168
Python310, hexiom, 10,128.545104980468750000, 104.436950683593750000,  ,  , 12918, 46.8, 47452
Python310, hexiom, 10,128.668029785156250000, 104.580993652343750000,  ,  , 12931, 44.8, 47312
Python310, hexiom, 10,128.595397949218750000, 104.443420410156250000,  ,  , 12941, 46.5, 47248
Python310, hexiom, 10,214.307617187500000000, 174.503906250000000000,  ,  , 21514, 48.5, 47096
Python310, hexiom, 10,128.668151855468750000, 104.539184570312500000,  ,  , 12936, 45.8, 47236
Python310, hexiom, 10,128.677062988281250000, 104.540344238281250000,  ,  , 12920, 45.5, 47384
Python310, hexiom, 10,211.156433105468750000, 171.833923339843750000,  ,  , 21196, 45.5, 47324
Python310, hexiom, 10,128.734924316406250000, 104.649291992187500000,  ,  , 12926, 44.5, 47456
Python310, hexiom, 10,128.729675292968750000, 104.531372070312500000,  ,  , 12960, 46.0, 47192
Python311, hexiom, 10,158.587219238281250000, 128.913940429687500000,  ,  , 15934, 48.5, 50132
Python311, hexiom, 10,158.672241210937500000, 128.983642578125000000,  ,  , 15931, 46.0, 50232
Python311, hexiom, 10,158.637939453125000000, 129.058898925781250000,  ,  , 15923, 45.0, 50336
Python311, hexiom, 10,158.486022949218750000, 128.843627929687500000,  ,  , 15916, 45.2, 50320
Python311, hexiom, 10,158.445556640625000000, 128.895080566406250000,  ,  , 15907, 45.5, 50168
Python311, hexiom, 10,158.429565429687500000, 128.804321289062500000,  ,  , 15904, 46.0, 50268
Python311, hexiom, 10,158.625854492187500000, 128.940002441406250000,  ,  , 15932, 45.2, 50348
Python311, hexiom, 10,158.634094238281250000, 128.940063476562500000,  ,  , 15942, 45.0, 50112
Python311, hexiom, 10,158.933654785156250000, 129.195373535156250000,  ,  , 15950, 46.0, 50224
Python311, hexiom, 10,158.660766601562500000, 128.975891113281250000,  ,  , 15947, 45.2, 50480
Python38, html5lib, 10,163.373962402343750000, 132.535217285156250000,  ,  , 16400, 46.8, 47576
Python38, html5lib, 10,163.024169921875000000, 132.194213867187500000,  ,  , 16391, 45.8, 47548
Python38, html5lib, 10,162.278015136718750000, 131.671142578125000000,  ,  , 16299, 45.8, 47912
Python38, html5lib, 10,162.995727539062500000, 132.263488769531250000,  ,  , 16366, 46.5, 47544
Python38, html5lib, 10,162.382202148437500000, 131.855957031250000000,  ,  , 16302, 45.2, 47520
Python38, html5lib, 10,162.562377929687500000, 131.885620117187500000,  ,  , 16322, 46.0, 47872
Python38, html5lib, 10,162.591308593750000000, 131.939270019531250000,  ,  , 16334, 46.2, 47616
Python38, html5lib, 10,162.966613769531250000, 132.203613281250000000,  ,  , 16362, 46.5, 47784
Python38, html5lib, 10,162.477966308593750000, 131.910278320312500000,  ,  , 16323, 45.5, 47804
Python38, html5lib, 10,162.938293457031250000, 132.199462890625000000,  ,  , 16355, 45.5, 47804
Python310, html5lib, 10,148.297302246093750000, 120.311401367187500000,  ,  , 14883, 46.2, 47212
Python310, html5lib, 10,148.304382324218750000, 120.349548339843750000,  ,  , 14887, 45.2, 47476
Python310, html5lib, 10,148.400878906250000000, 120.326965332031250000,  ,  , 14902, 44.8, 47468
Python310, html5lib, 10,148.635009765625000000, 120.501403808593750000,  ,  , 14951, 45.5, 47376
Python310, html5lib, 10,148.396667480468750000, 120.402404785156250000,  ,  , 14896, 45.2, 47376
Python310, html5lib, 10,148.776916503906250000, 120.647155761718750000,  ,  , 14941, 48.2, 47340
Python310, html5lib, 10,148.283813476562500000, 120.224426269531250000,  ,  , 14905, 46.0, 47396
Python310, html5lib, 10,148.253662109375000000, 120.313659667968750000,  ,  , 14881, 47.8, 47464
Python310, html5lib, 10,148.404846191406250000, 120.395080566406250000,  ,  , 14897, 46.2, 47340
Python310, html5lib, 10,148.386291503906250000, 120.379821777343750000,  ,  , 14912, 45.2, 47588
Python311, html5lib, 10,197.234558105468750000, 159.931457519531250000,  ,  , 19814, 48.2, 50296
Python311, html5lib, 10,197.178833007812500000, 159.970275878906250000,  ,  , 19821, 45.5, 50244
Python311, html5lib, 10,197.309082031250000000, 160.047363281250000000,  ,  , 19828, 45.2, 50476
Python311, html5lib, 10,197.037963867187500000, 159.817626953125000000,  ,  , 19782, 45.0, 50256
Python311, html5lib, 10,196.996337890625000000, 159.726013183593750000,  ,  , 19780, 45.5, 50356
Python311, html5lib, 10,197.639038085937500000, 160.261047363281250000,  ,  , 19856, 48.2, 50392
Python311, html5lib, 10,197.548950195312500000, 160.227478027343750000,  ,  , 19831, 46.0, 50480
Python311, html5lib, 10,197.021728515625000000, 159.898620605468750000,  ,  , 19771, 45.0, 50480
Python311, html5lib, 10,197.278625488281250000, 160.041076660156250000,  ,  , 19804, 45.2, 50420
Python311, html5lib, 10,196.921508789062500000, 159.754577636718750000,  ,  , 19765, 46.0, 50472
